model,validation_score,validation_accuracy,validation_f1,validation_auc
LogisticRegression,0.875,0.922077922077922,0.875,0.9750402576489533
VotingClassifier,0.7692307692307693,0.8831168831168831,0.7692307692307693,0.9726247987117552
GradientBoostingClassifier,0.7,0.8441558441558441,0.7,0.9162640901771337
RandomForestClassifier,0.5454545454545454,0.8051948051948052,0.5454545454545454,0.9476650563607085
