model,validation_score,validation_rmse,validation_mae,validation_r2
RandomForestRegressor,-0.7383371349442358,0.7383371349442358,0.5943668831168832,0.5790907510180414
GradientBoostingRegressor,-0.7425446302440462,0.7425446302440462,0.5778582853655456,0.5742798871273715
LinearRegression,-0.945779658175836,0.945779658175836,0.6810141821962226,0.309348462496739
